[
  {
    "name": "Esfera Suprema 50x",
    "image": "https://i.imgur.com/jmWUqmE.png",
    "rarity": "Épico",
    "chance": 10.0
  },
  {
    "name": "Esfera da Infinidade 25x",
    "image": "https://i.imgur.com/KNPw6JQ.png",
    "rarity": "Épico",
    "chance": 10.0
  },
  {
    "name": "Rifle Lendário 1x",
    "image": "https://i.imgur.com/Quzzfsk.png",
    "rarity": "Lendário",
    "chance": 3.0
  },
  {
    "name": "Bazuka Lendária 1x",
    "image": "https://i.imgur.com/z1OB8Ob.png",
    "rarity": "Lendário",
    "chance": 3.0
  },
  {
    "name": "Pal de Transporte 1x",
    "image": "https://i.imgur.com/baQutmN.png",
    "rarity": "Mítico",
    "chance": 0.5
  },
  {
    "name": "Rifle Laser Lendário 1x",
    "image": "https://i.imgur.com/p842vyy.png",
    "rarity": "Lendário",
    "chance": 3.0
  },
  {
    "name": "Canhão de Plasma Comum 1x",
    "image": "https://i.imgur.com/w6fmpBO.png",
    "rarity": "Lendário",
    "chance": 3.0
  },
  {
    "name": "Excalibur Lendária 1x",
    "image": "https://i.imgur.com/57uygAQ.png",
    "rarity": "Épico",
    "chance": 10.0
  },
  {
    "name": "Vara de Pesca Avançada (Depresso) 1x",
    "image": "https://i.imgur.com/9HfqwDe.png",
    "rarity": "Lendário",
    "chance": 3.0
  },
  {
    "name": "Mammorest Curry 1000x",
    "image": "https://i.imgur.com/sK0kXiH.png",
    "rarity": "Comum",
    "chance": 10.8
  },
  {
    "name": "Bolo 100x",
    "image": "https://i.imgur.com/QKkmWzZ.png",
    "rarity": "Comum",
    "chance": 10.8
  },
  {
    "name": "Mozzarina Cheeseburger 100x",
    "image": "https://i.imgur.com/GA8gF7i.png",
    "rarity": "Comum",
    "chance": 10.8
  },
  {
    "name": "Extrato de Pal Multiuso☆1 10x",
    "image": "https://i.imgur.com/NR3q47K.png",
    "rarity": "Comum",
    "chance": 10.8
  },
  {
    "name": "Extrato de Pal Multiuso☆2 5x",
    "image": "https://i.imgur.com/wRdZmYL.png",
    "rarity": "Comum",
    "chance": 10.8
  }
]